{"training_regression_loss": 0.04958699473598659, "_timestamp": 1670399467.1070726, "training_classification_loss": 0.5219040455034115, "training_node_sparsity_loss": 14.909636375888082, "training_edge_sparsity_loss": 433.0924035398752, "training_total_loss_loss": 0.050108898781490004, "training_r2_metric": 0.6912848247679941, "training_mae_metric": 0.04958699643611908, "training_f1score_metric": 0.7373380447585395, "training_rmse_metric": 0.06890363991260529, "val_regression_loss": 0.3417071769511478, "val_classification_loss": 3.8556441027578545, "val_node_sparsity_loss": 30.2068996347996, "val_edge_sparsity_loss": 143.86938176243942, "val_total_loss_loss": 0.3455628210539056, "val_r2_metric": -7.586300175580419, "val_mae_metric": 0.34170717000961304, "val_f1score_metric": 0.22317596566523604, "val_rmse_metric": 0.36056753993034363, "_runtime": 74011.60761451721, "_step": 99, "_wandb": {"runtime": 74011}}